<?xml version="1.0" standalone="yes"?>
<NewDataSet>
  <Table>
    <stuname>Arpan</stuname>
    <statename>MP</statename>
    <cityname>Bhopal</cityname>
  </Table>
  <Table>
    <stuname>Deep</stuname>
    <statename>Delhi</statename>
    <cityname>Delhi</cityname>
  </Table>
  <Table>
    <stuname>Devis</stuname>
    <statename>Gujarat</statename>
    <cityname>Vadodara</cityname>
  </Table>
  <Table>
    <stuname>Mihir</stuname>
    <statename>Gujarat</statename>
    <cityname>Rajkot</cityname>
  </Table>
  <Table>
    <stuname>Tirth</stuname>
    <statename>Maharashtra</statename>
    <cityname>Mumbai</cityname>
  </Table>
  <Table>
    <stuname>Dhairya</stuname>
    <statename>Andhrapradesh</statename>
    <cityname>Hydrabad</cityname>
  </Table>
  <Table>
    <stuname>Rishi</stuname>
    <statename>Maharashtra</statename>
    <cityname>Pune</cityname>
  </Table>
  <Table>
    <stuname>Priyank</stuname>
    <statename>Karnataka</statename>
    <cityname>Bengaluru</cityname>
  </Table>
  <Table>
    <stuname>Jugal</stuname>
    <statename>Rajasthan</statename>
    <cityname>Kota</cityname>
  </Table>
  <Table>
    <stuname>Dhrumil</stuname>
    <statename>Bihar</statename>
    <cityname>Patna</cityname>
  </Table>
  <Table>
    <stuname>Rajat</stuname>
    <statename>PB</statename>
    <cityname>Kolkata</cityname>
  </Table>
  <Table>
    <stuname>devilll</stuname>
    <statename>5</statename>
    <cityname>304</cityname>
  </Table>
  <Table>
    <stuname>ap</stuname>
    <statename>3</statename>
    <cityname>302</cityname>
  </Table>
  <Table>
    <stuname>dev</stuname>
    <statename>6</statename>
    <cityname>305</cityname>
  </Table>
  <Table>
    <stuname>mihir</stuname>
    <statename>3</statename>
    <cityname>302</cityname>
  </Table>
  <Table>
    <stuname>sfwfe</stuname>
    <statename>3</statename>
    <cityname>Mumbai</cityname>
  </Table>
  <Table>
    <stuname>Rishi2</stuname>
    <statename>1</statename>
    <cityname>Vadodara</cityname>
  </Table>
  <Table>
    <stuname>Peyush</stuname>
    <statename>5</statename>
    <cityname>Delhi</cityname>
  </Table>
  <Table>
    <stuname>Rishi</stuname>
    <statename>1</statename>
    <cityname>Vadodara</cityname>
  </Table>
  <Table>
    <stuname>jarvis</stuname>
    <statename>5</statename>
    <cityname>Delhi</cityname>
  </Table>
</NewDataSet>